ID,date,open,high,low,close
1,1417406400000,0.3551263594976552,0.3551263594976552,0.3551263594976552,0.3551263594976552
2,1417410000000,0.4104706746714649,0.4104706746714649,0.4104706746714649,0.4104706746714649
3,1417413600000,0.0626104521994528,0.0626104521994528,0.0626104521994528,0.0626104521994528
4,1417417200000,0.2724496769946027,0.2724496769946027,0.2724496769946027,0.2724496769946027
5,1417420800000,0.8990305915919049,0.8990305915919049,0.8990305915919049,0.8990305915919049
6,1417424400000,0.8502205673441827,0.8502205673441827,0.8502205673441827,0.8502205673441827
7,1417428000000,0.7367662322560332,0.7367662322560332,0.7367662322560332,0.7367662322560332
8,1417431600000,0.7666507473357159,0.7666507473357159,0.7666507473357159,0.7666507473357159
9,1417435200000,0.9161682834065504,0.9161682834065504,0.9161682834065504,0.9161682834065504
10,1417438800000,0.5089699529980123,0.5089699529980123,0.5089699529980123,0.5089699529980123
11,1417492800000,0.0344983051395142,0.0344983051395142,0.0344983051395142,0.0344983051395142
12,1417496400000,0.0734019911751135,0.0734019911751135,0.0734019911751135,0.0734019911751135
13,1417500000000,0.6610121104341383,0.6610121104341383,0.6610121104341383,0.6610121104341383
14,1417503600000,0.2437230341545431,0.2437230341545431,0.2437230341545431,0.2437230341545431
15,1417507200000,0.163658509631175,0.163658509631175,0.163658509631175,0.163658509631175
16,1417510800000,0.2150259659287779,0.2150259659287779,0.2150259659287779,0.2150259659287779
17,1417514400000,0.421047029847447,0.421047029847447,0.421047029847447,0.421047029847447
18,1417518000000,0.7337226674048222,0.7337226674048222,0.7337226674048222,0.7337226674048222
19,1417521600000,0.6299012130555588,0.6299012130555588,0.6299012130555588,0.6299012130555588
20,1417525200000,0.4110506996246346,0.4110506996246346,0.4110506996246346,0.4110506996246346
21,1417579200000,0.9374786849999638,0.9374786849999638,0.9374786849999638,0.9374786849999638
22,1417582800000,0.8717195298828153,0.8717195298828153,0.8717195298828153,0.8717195298828153
23,1417586400000,0.9804155887151508,0.9804155887151508,0.9804155887151508,0.9804155887151508
24,1417590000000,0.7634361961216369,0.7634361961216369,0.7634361961216369,0.7634361961216369
25,1417593600000,0.2659454515906554,0.2659454515906554,0.2659454515906554,0.2659454515906554
26,1417597200000,0.4317673838981279,0.4317673838981279,0.4317673838981279,0.4317673838981279
27,1417600800000,0.1355409635305071,0.1355409635305071,0.1355409635305071,0.1355409635305071
28,1417604400000,0.984438383471845,0.984438383471845,0.984438383471845,0.984438383471845
29,1417608000000,0.1492550914926335,0.1492550914926335,0.1492550914926335,0.1492550914926335
30,1417611600000,0.2594156977698788,0.2594156977698788,0.2594156977698788,0.2594156977698788
31,1417665600000,0.2491521458810327,0.2491521458810327,0.2491521458810327,0.2491521458810327
32,1417669200000,0.8926342998883765,0.8926342998883765,0.8926342998883765,0.8926342998883765
33,1417672800000,0.4718307156190731,0.4718307156190731,0.4718307156190731,0.4718307156190731
34,1417676400000,0.8492404197098032,0.8492404197098032,0.8492404197098032,0.8492404197098032
35,1417680000000,0.2894675099558794,0.2894675099558794,0.2894675099558794,0.2894675099558794
36,1417683600000,0.4697126053786921,0.4697126053786921,0.4697126053786921,0.4697126053786921
37,1417687200000,0.4749732065692384,0.4749732065692384,0.4749732065692384,0.4749732065692384
38,1417690800000,0.8865124642109118,0.8865124642109118,0.8865124642109118,0.8865124642109118
39,1417694400000,0.0021466600430034,0.0021466600430034,0.0021466600430034,0.0021466600430034
40,1417698000000,0.7952238039243216,0.7952238039243216,0.7952238039243216,0.7952238039243216
41,1417924800000,0.4796540924183052,0.4796540924183052,0.4796540924183052,0.4796540924183052
42,1417928400000,0.8989558180177443,0.8989558180177443,0.8989558180177443,0.8989558180177443
43,1417932000000,0.564736972775669,0.564736972775669,0.564736972775669,0.564736972775669
44,1417935600000,0.155034669088562,0.155034669088562,0.155034669088562,0.155034669088562
45,1417939200000,0.9443030947574392,0.9443030947574392,0.9443030947574392,0.9443030947574392
46,1417942800000,0.8381118734793901,0.8381118734793901,0.8381118734793901,0.8381118734793901
47,1417946400000,0.2072299247386374,0.2072299247386374,0.2072299247386374,0.2072299247386374
48,1417950000000,0.1994154217387003,0.1994154217387003,0.1994154217387003,0.1994154217387003
49,1417953600000,0.1225310505960177,0.1225310505960177,0.1225310505960177,0.1225310505960177
50,1417957200000,0.4107163070897928,0.4107163070897928,0.4107163070897928,0.4107163070897928
51,1418011200000,0.657571527495709,0.657571527495709,0.657571527495709,0.657571527495709
52,1418014800000,0.3344635362089042,0.3344635362089042,0.3344635362089042,0.3344635362089042
53,1418018400000,0.7267161026698796,0.7267161026698796,0.7267161026698796,0.7267161026698796
54,1418022000000,0.5348250717596433,0.5348250717596433,0.5348250717596433,0.5348250717596433
55,1418025600000,0.1225829891001935,0.1225829891001935,0.1225829891001935,0.1225829891001935
56,1418029200000,0.024854593929538,0.024854593929538,0.024854593929538,0.024854593929538
57,1418032800000,0.1688099211184859,0.1688099211184859,0.1688099211184859,0.1688099211184859
58,1418036400000,0.8702045930133875,0.8702045930133875,0.8702045930133875,0.8702045930133875
59,1418040000000,0.7562489861087623,0.7562489861087623,0.7562489861087623,0.7562489861087623
60,1418043600000,0.1205141515962368,0.1205141515962368,0.1205141515962368,0.1205141515962368
61,1418097600000,0.0104276967355049,0.0104276967355049,0.0104276967355049,0.0104276967355049
62,1418101200000,0.4311784383647089,0.4311784383647089,0.4311784383647089,0.4311784383647089
63,1418104800000,0.6477888919471312,0.6477888919471312,0.6477888919471312,0.6477888919471312
64,1418108400000,0.6172198746442278,0.6172198746442278,0.6172198746442278,0.6172198746442278
65,1418112000000,0.7729955570485411,0.7729955570485411,0.7729955570485411,0.7729955570485411
66,1418115600000,0.2166823786231209,0.2166823786231209,0.2166823786231209,0.2166823786231209
67,1418119200000,0.0578110250195129,0.0578110250195129,0.0578110250195129,0.0578110250195129
68,1418122800000,0.4788958063765806,0.4788958063765806,0.4788958063765806,0.4788958063765806
69,1418126400000,0.8594031126477524,0.8594031126477524,0.8594031126477524,0.8594031126477524
70,1418130000000,0.6167294467525676,0.6167294467525676,0.6167294467525676,0.6167294467525676
71,1418184000000,0.0616033589948848,0.0616033589948848,0.0616033589948848,0.0616033589948848
72,1418187600000,0.7370430393266532,0.7370430393266532,0.7370430393266532,0.7370430393266532
73,1418191200000,0.317349248671907,0.317349248671907,0.317349248671907,0.317349248671907
74,1418194800000,0.04085880186411,0.04085880186411,0.04085880186411,0.04085880186411
75,1418198400000,0.536656428767214,0.536656428767214,0.536656428767214,0.536656428767214
76,1418202000000,0.4267054702619782,0.4267054702619782,0.4267054702619782,0.4267054702619782
77,1418205600000,0.4529055671294656,0.4529055671294656,0.4529055671294656,0.4529055671294656
78,1418209200000,0.362276167267905,0.362276167267905,0.362276167267905,0.362276167267905
79,1418212800000,0.3310615882249222,0.3310615882249222,0.3310615882249222,0.3310615882249222
80,1418216400000,0.3542850841740459,0.3542850841740459,0.3542850841740459,0.3542850841740459
81,1418270400000,0.76511803033288,0.76511803033288,0.76511803033288,0.76511803033288
82,1418274000000,0.3542470224835227,0.3542470224835227,0.3542470224835227,0.3542470224835227
83,1418277600000,0.4070244384017265,0.4070244384017265,0.4070244384017265,0.4070244384017265
84,1418281200000,0.081620189938562,0.081620189938562,0.081620189938562,0.081620189938562
85,1418284800000,0.8159971442662641,0.8159971442662641,0.8159971442662641,0.8159971442662641
86,1418288400000,0.1388436611895395,0.1388436611895395,0.1388436611895395,0.1388436611895395
87,1418292000000,0.3842290160217095,0.3842290160217095,0.3842290160217095,0.3842290160217095
88,1418295600000,0.5805310775999218,0.5805310775999218,0.5805310775999218,0.5805310775999218
89,1418299200000,0.4877840592923006,0.4877840592923006,0.4877840592923006,0.4877840592923006
90,1417384800000,0.5934096851959674,0.5934096851959674,0.5934096851959674,0.5934096851959674
91,1417388400000,0.6095421125517598,0.6095421125517598,0.6095421125517598,0.6095421125517598
92,1417392000000,0.6242236834613865,0.6242236834613865,0.6242236834613865,0.6242236834613865
93,1417395600000,0.3513164807686926,0.3513164807686926,0.3513164807686926,0.3513164807686926
94,1417399200000,0.0219067948452827,0.0219067948452827,0.0219067948452827,0.0219067948452827
95,1417402800000,0.2353387204791879,0.2353387204791879,0.2353387204791879,0.2353387204791879
96,1417406400000,0.9442581600723804,0.9442581600723804,0.9442581600723804,0.9442581600723804
97,1417410000000,0.455546442464256,0.455546442464256,0.455546442464256,0.455546442464256
98,1417413600000,0.5381404474128819,0.5381404474128819,0.5381404474128819,0.5381404474128819
99,1417417200000,0.5138046025087148,0.5138046025087148,0.5138046025087148,0.5138046025087148
100,1417420800000,0.8116169623657962,0.8116169623657962,0.8116169623657962,0.8116169623657962
101,1417424400000,0.9174364357614406,0.9174364357614406,0.9174364357614406,0.9174364357614406
102,1417428000000,0.8941656432082739,0.8941656432082739,0.8941656432082739,0.8941656432082739
103,1417431600000,0.0469362744355843,0.0469362744355843,0.0469362744355843,0.0469362744355843
104,1417435200000,0.2902748328837788,0.2902748328837788,0.2902748328837788,0.2902748328837788
105,1417438800000,0.5787561193175736,0.5787561193175736,0.5787561193175736,0.5787561193175736
106,1417442400000,0.8697337711604587,0.8697337711604587,0.8697337711604587,0.8697337711604587
107,1417446000000,0.2166437656911227,0.2166437656911227,0.2166437656911227,0.2166437656911227
108,1417449600000,0.968718060567298,0.968718060567298,0.968718060567298,0.968718060567298
109,1417453200000,0.1762348329227369,0.1762348329227369,0.1762348329227369,0.1762348329227369
110,1417456800000,0.8024744776198742,0.8024744776198742,0.8024744776198742,0.8024744776198742
111,1417460400000,0.7588951874253252,0.7588951874253252,0.7588951874253252,0.7588951874253252
112,1417464000000,0.0965852524850019,0.0965852524850019,0.0965852524850019,0.0965852524850019
113,1417467600000,0.429325307717977,0.429325307717977,0.429325307717977,0.429325307717977
114,1417471200000,0.5556476675005559,0.5556476675005559,0.5556476675005559,0.5556476675005559
115,1417474800000,0.7222774309049064,0.7222774309049064,0.7222774309049064,0.7222774309049064
116,1417478400000,0.6488647048188274,0.6488647048188274,0.6488647048188274,0.6488647048188274
117,1417482000000,0.4917193049769408,0.4917193049769408,0.4917193049769408,0.4917193049769408
118,1417485600000,0.3449188251318492,0.3449188251318492,0.3449188251318492,0.3449188251318492
119,1417489200000,0.3564866887339193,0.3564866887339193,0.3564866887339193,0.3564866887339193
120,1417492800000,0.4179376674656734,0.4179376674656734,0.4179376674656734,0.4179376674656734
121,1417496400000,0.0003108287198153,0.0003108287198153,0.0003108287198153,0.0003108287198153
122,1417500000000,0.3607190879459815,0.3607190879459815,0.3607190879459815,0.3607190879459815
123,1417503600000,0.5533118650342647,0.5533118650342647,0.5533118650342647,0.5533118650342647
124,1417507200000,0.189516046395568,0.189516046395568,0.189516046395568,0.189516046395568
125,1417510800000,0.6375685785712955,0.6375685785712955,0.6375685785712955,0.6375685785712955
126,1417514400000,0.7119210667020195,0.7119210667020195,0.7119210667020195,0.7119210667020195
127,1417518000000,0.4594941000073665,0.4594941000073665,0.4594941000073665,0.4594941000073665
128,1417521600000,0.8310312548802793,0.8310312548802793,0.8310312548802793,0.8310312548802793
129,1417525200000,0.070140248274919,0.070140248274919,0.070140248274919,0.070140248274919
130,1417528800000,0.8512900928517855,0.8512900928517855,0.8512900928517855,0.8512900928517855
131,1417532400000,0.4771240695528721,0.4771240695528721,0.4771240695528721,0.4771240695528721
132,1417536000000,0.3925300566036072,0.3925300566036072,0.3925300566036072,0.3925300566036072
133,1417539600000,0.9242837796879454,0.9242837796879454,0.9242837796879454,0.9242837796879454
134,1417543200000,0.5008330663341352,0.5008330663341352,0.5008330663341352,0.5008330663341352
135,1417546800000,0.8002943967821122,0.8002943967821122,0.8002943967821122,0.8002943967821122
136,1417550400000,0.3212074569572465,0.3212074569572465,0.3212074569572465,0.3212074569572465
137,1417554000000,0.6996483496752001,0.6996483496752001,0.6996483496752001,0.6996483496752001
138,1417557600000,0.9984703744046832,0.9984703744046832,0.9984703744046832,0.9984703744046832
139,1417561200000,0.3393628756733052,0.3393628756733052,0.3393628756733052,0.3393628756733052
140,1417564800000,0.9320649323995016,0.9320649323995016,0.9320649323995016,0.9320649323995016
141,1417568400000,0.6290873152357815,0.6290873152357815,0.6290873152357815,0.6290873152357815
142,1417572000000,0.0661433572447424,0.0661433572447424,0.0661433572447424,0.0661433572447424
143,1417575600000,0.7583727063969102,0.7583727063969102,0.7583727063969102,0.7583727063969102
144,1417579200000,0.1042960573354602,0.1042960573354602,0.1042960573354602,0.1042960573354602
145,1417582800000,0.2587740609605602,0.2587740609605602,0.2587740609605602,0.2587740609605602
146,1417586400000,0.5214510945742732,0.5214510945742732,0.5214510945742732,0.5214510945742732
147,1417590000000,0.9208167324167664,0.9208167324167664,0.9208167324167664,0.9208167324167664
148,1417593600000,0.3556018031618468,0.3556018031618468,0.3556018031618468,0.3556018031618468
149,1417597200000,0.4544657869863423,0.4544657869863423,0.4544657869863423,0.4544657869863423
150,1417600800000,0.5976187281382472,0.5976187281382472,0.5976187281382472,0.5976187281382472
151,1417604400000,0.3129455676386314,0.3129455676386314,0.3129455676386314,0.3129455676386314
152,1417608000000,0.8398095071719943,0.8398095071719943,0.8398095071719943,0.8398095071719943
153,1417611600000,0.9166639876064548,0.9166639876064548,0.9166639876064548,0.9166639876064548
154,1417615200000,0.7863753002406774,0.7863753002406774,0.7863753002406774,0.7863753002406774
155,1417618800000,0.1260882506207807,0.1260882506207807,0.1260882506207807,0.1260882506207807
156,1417622400000,0.5584780413961264,0.5584780413961264,0.5584780413961264,0.5584780413961264
157,1417626000000,0.2059843663582341,0.2059843663582341,0.2059843663582341,0.2059843663582341
158,1417629600000,0.2773651803295518,0.2773651803295518,0.2773651803295518,0.2773651803295518
159,1417633200000,0.4019615911409523,0.4019615911409523,0.4019615911409523,0.4019615911409523
160,1417636800000,0.1470239690081825,0.1470239690081825,0.1470239690081825,0.1470239690081825
161,1417640400000,0.7333964182695154,0.7333964182695154,0.7333964182695154,0.7333964182695154
162,1417644000000,0.7647834833582942,0.7647834833582942,0.7647834833582942,0.7647834833582942
163,1417647600000,0.5838297218332513,0.5838297218332513,0.5838297218332513,0.5838297218332513
164,1417651200000,0.8613247526826946,0.8613247526826946,0.8613247526826946,0.8613247526826946
165,1417654800000,0.3058372020698944,0.3058372020698944,0.3058372020698944,0.3058372020698944
166,1417658400000,0.3412395369817322,0.3412395369817322,0.3412395369817322,0.3412395369817322
167,1417662000000,0.5666982926269559,0.5666982926269559,0.5666982926269559,0.5666982926269559
168,1417665600000,0.9042506143186736,0.9042506143186736,0.9042506143186736,0.9042506143186736
169,1417669200000,0.8705756212765243,0.8705756212765243,0.8705756212765243,0.8705756212765243
170,1417672800000,0.5099296295662997,0.5099296295662997,0.5099296295662997,0.5099296295662997
171,1417676400000,0.8538212944288852,0.8538212944288852,0.8538212944288852,0.8538212944288852
172,1417680000000,0.3364421901705683,0.3364421901705683,0.3364421901705683,0.3364421901705683
173,1417683600000,0.1458815984721547,0.1458815984721547,0.1458815984721547,0.1458815984721547
174,1417687200000,0.7182018336953789,0.7182018336953789,0.7182018336953789,0.7182018336953789
175,1417690800000,0.5270539815922624,0.5270539815922624,0.5270539815922624,0.5270539815922624
176,1417694400000,0.6662495492385017,0.6662495492385017,0.6662495492385017,0.6662495492385017
177,1417698000000,0.5725853096851596,0.5725853096851596,0.5725853096851596,0.5725853096851596
178,1417701600000,0.2313799951957816,0.2313799951957816,0.2313799951957816,0.2313799951957816
179,1417705200000,0.6690419164641158,0.6690419164641158,0.6690419164641158,0.6690419164641158
180,1417708800000,0.0408424009015879,0.0408424009015879,0.0408424009015879,0.0408424009015879
181,1417712400000,0.6787347007244035,0.6787347007244035,0.6787347007244035,0.6787347007244035
182,1417716000000,0.7824511819557758,0.7824511819557758,0.7824511819557758,0.7824511819557758
183,1417892400000,0.0139477488693082,0.0139477488693082,0.0139477488693082,0.0139477488693082
184,1417896000000,0.6474812057346071,0.6474812057346071,0.6474812057346071,0.6474812057346071
185,1417899600000,0.762778241291523,0.762778241291523,0.762778241291523,0.762778241291523
186,1417903200000,0.7137519791603154,0.7137519791603154,0.7137519791603154,0.7137519791603154
187,1417906800000,0.5826943218188235,0.5826943218188235,0.5826943218188235,0.5826943218188235
188,1417910400000,0.3373684161186945,0.3373684161186945,0.3373684161186945,0.3373684161186945
189,1417914000000,0.5132358285729969,0.5132358285729969,0.5132358285729969,0.5132358285729969
190,1417917600000,0.6244138766713581,0.6244138766713581,0.6244138766713581,0.6244138766713581
191,1417921200000,0.0957460031930902,0.0957460031930902,0.0957460031930902,0.0957460031930902
192,1417924800000,0.81454721848643,0.81454721848643,0.81454721848643,0.81454721848643
193,1417928400000,0.8903812334849589,0.8903812334849589,0.8903812334849589,0.8903812334849589
194,1417932000000,0.3140392718918476,0.3140392718918476,0.3140392718918476,0.3140392718918476
195,1417935600000,0.460323571711705,0.460323571711705,0.460323571711705,0.460323571711705
196,1417939200000,0.5406481341861029,0.5406481341861029,0.5406481341861029,0.5406481341861029
197,1417942800000,0.4959746626714371,0.4959746626714371,0.4959746626714371,0.4959746626714371
198,1417946400000,0.5328453343456053,0.5328453343456053,0.5328453343456053,0.5328453343456053
199,1417950000000,0.8384220893747999,0.8384220893747999,0.8384220893747999,0.8384220893747999
200,1417953600000,0.8356274550112204,0.8356274550112204,0.8356274550112204,0.8356274550112204
201,1417957200000,0.7673190264088814,0.7673190264088814,0.7673190264088814,0.7673190264088814
202,1417960800000,0.8497730600261189,0.8497730600261189,0.8497730600261189,0.8497730600261189
203,1417964400000,0.1092231468932904,0.1092231468932904,0.1092231468932904,0.1092231468932904
204,1417968000000,0.2800707317021322,0.2800707317021322,0.2800707317021322,0.2800707317021322
205,1417971600000,0.0704326876159973,0.0704326876159973,0.0704326876159973,0.0704326876159973
206,1417975200000,0.4771318405637811,0.4771318405637811,0.4771318405637811,0.4771318405637811
207,1417978800000,0.7929762786472584,0.7929762786472584,0.7929762786472584,0.7929762786472584
208,1417982400000,0.457181646352418,0.457181646352418,0.457181646352418,0.457181646352418
209,1417986000000,0.0454942398132567,0.0454942398132567,0.0454942398132567,0.0454942398132567
210,1417989600000,0.3522628314120717,0.3522628314120717,0.3522628314120717,0.3522628314120717
211,1417993200000,0.251280696186005,0.251280696186005,0.251280696186005,0.251280696186005
212,1417996800000,0.5940773226416329,0.5940773226416329,0.5940773226416329,0.5940773226416329
213,1418000400000,0.4775154298007646,0.4775154298007646,0.4775154298007646,0.4775154298007646
214,1418004000000,0.6109940532907797,0.6109940532907797,0.6109940532907797,0.6109940532907797
215,1418007600000,0.783016452981159,0.783016452981159,0.783016452981159,0.783016452981159
216,1418011200000,0.2578103135509985,0.2578103135509985,0.2578103135509985,0.2578103135509985
217,1418014800000,0.0665611421608709,0.0665611421608709,0.0665611421608709,0.0665611421608709
218,1418018400000,0.7021379222454937,0.7021379222454937,0.7021379222454937,0.7021379222454937
219,1418022000000,0.5658539232553256,0.5658539232553256,0.5658539232553256,0.5658539232553256
220,1418025600000,0.6484137023613996,0.6484137023613996,0.6484137023613996,0.6484137023613996
221,1418029200000,0.1092485907976021,0.1092485907976021,0.1092485907976021,0.1092485907976021
222,1418032800000,0.7902158368179485,0.7902158368179485,0.7902158368179485,0.7902158368179485
223,1418036400000,0.6937702071152565,0.6937702071152565,0.6937702071152565,0.6937702071152565
224,1418040000000,0.5609134686143757,0.5609134686143757,0.5609134686143757,0.5609134686143757
225,1418043600000,0.1292040779335662,0.1292040779335662,0.1292040779335662,0.1292040779335662
226,1418047200000,0.4406093388754897,0.4406093388754897,0.4406093388754897,0.4406093388754897
227,1418050800000,0.2538484283410579,0.2538484283410579,0.2538484283410579,0.2538484283410579
228,1418054400000,0.3338202101149993,0.3338202101149993,0.3338202101149993,0.3338202101149993
229,1418058000000,0.1659179203444988,0.1659179203444988,0.1659179203444988,0.1659179203444988
230,1418061600000,0.3314381256288817,0.3314381256288817,0.3314381256288817,0.3314381256288817
231,1418065200000,0.1209982422196487,0.1209982422196487,0.1209982422196487,0.1209982422196487
232,1418068800000,0.988288053210629,0.988288053210629,0.988288053210629,0.988288053210629
233,1418072400000,0.9823208635500228,0.9823208635500228,0.9823208635500228,0.9823208635500228
234,1418076000000,0.4919319762494946,0.4919319762494946,0.4919319762494946,0.4919319762494946
235,1418079600000,0.9058973809309264,0.9058973809309264,0.9058973809309264,0.9058973809309264
236,1418083200000,0.7050928070157904,0.7050928070157904,0.7050928070157904,0.7050928070157904
237,1418086800000,0.2115189370401529,0.2115189370401529,0.2115189370401529,0.2115189370401529
238,1418090400000,0.91173393053945,0.91173393053945,0.91173393053945,0.91173393053945
239,1418094000000,0.1619454801770052,0.1619454801770052,0.1619454801770052,0.1619454801770052
240,1418097600000,0.2872523508028018,0.2872523508028018,0.2872523508028018,0.2872523508028018
241,1418101200000,0.439197438979243,0.439197438979243,0.439197438979243,0.439197438979243
242,1418104800000,0.7744657906837937,0.7744657906837937,0.7744657906837937,0.7744657906837937
243,1418108400000,0.6410939148781909,0.6410939148781909,0.6410939148781909,0.6410939148781909
244,1418112000000,0.5483656173920601,0.5483656173920601,0.5483656173920601,0.5483656173920601
245,1418115600000,0.2408139574700709,0.2408139574700709,0.2408139574700709,0.2408139574700709
246,1418119200000,0.1798803889830164,0.1798803889830164,0.1798803889830164,0.1798803889830164
247,1418122800000,0.7061646726460332,0.7061646726460332,0.7061646726460332,0.7061646726460332
248,1418126400000,0.4836972236799921,0.4836972236799921,0.4836972236799921,0.4836972236799921
249,1418130000000,0.7126265740159695,0.7126265740159695,0.7126265740159695,0.7126265740159695
250,1418133600000,0.3640986329429917,0.3640986329429917,0.3640986329429917,0.3640986329429917
251,1418137200000,0.1262017818716527,0.1262017818716527,0.1262017818716527,0.1262017818716527
252,1418140800000,0.1833476518914454,0.1833476518914454,0.1833476518914454,0.1833476518914454
253,1418144400000,0.0052004924522295,0.0052004924522295,0.0052004924522295,0.0052004924522295
254,1418148000000,0.2622388923462493,0.2622388923462493,0.2622388923462493,0.2622388923462493
255,1418151600000,0.7085143209047466,0.7085143209047466,0.7085143209047466,0.7085143209047466
256,1418155200000,0.3695854640875899,0.3695854640875899,0.3695854640875899,0.3695854640875899
257,1418158800000,0.2321097656636365,0.2321097656636365,0.2321097656636365,0.2321097656636365
258,1418162400000,0.7650754886663664,0.7650754886663664,0.7650754886663664,0.7650754886663664
259,1418166000000,0.8760694970422469,0.8760694970422469,0.8760694970422469,0.8760694970422469
260,1418169600000,0.7470741212272625,0.7470741212272625,0.7470741212272625,0.7470741212272625
261,1418173200000,0.0059075096272662,0.0059075096272662,0.0059075096272662,0.0059075096272662
262,1418176800000,0.7922705398605837,0.7922705398605837,0.7922705398605837,0.7922705398605837
263,1418180400000,0.8395057476948428,0.8395057476948428,0.8395057476948428,0.8395057476948428
264,1418184000000,0.9671333254107438,0.9671333254107438,0.9671333254107438,0.9671333254107438
265,1418187600000,0.8369837423463357,0.8369837423463357,0.8369837423463357,0.8369837423463357
266,1418191200000,0.765845500751992,0.765845500751992,0.765845500751992,0.765845500751992
267,1418194800000,0.047359691393162,0.047359691393162,0.047359691393162,0.047359691393162
268,1418198400000,0.6833727930231311,0.6833727930231311,0.6833727930231311,0.6833727930231311
269,1418202000000,0.0390307085623726,0.0390307085623726,0.0390307085623726,0.0390307085623726
270,1418205600000,0.231185557690332,0.231185557690332,0.231185557690332,0.231185557690332
271,1418209200000,0.9946549468178963,0.9946549468178963,0.9946549468178963,0.9946549468178963
272,1418212800000,0.0209218420911442,0.0209218420911442,0.0209218420911442,0.0209218420911442
273,1418216400000,0.250323930829414,0.250323930829414,0.250323930829414,0.250323930829414
274,1418220000000,0.1327535599825454,0.1327535599825454,0.1327535599825454,0.1327535599825454
275,1418223600000,0.658153499842033,0.658153499842033,0.658153499842033,0.658153499842033
276,1418227200000,0.869153530055642,0.869153530055642,0.869153530055642,0.869153530055642
277,1418230800000,0.4962188396155683,0.4962188396155683,0.4962188396155683,0.4962188396155683
278,1418234400000,0.8417433327765507,0.8417433327765507,0.8417433327765507,0.8417433327765507
279,1418238000000,0.9249710898870402,0.9249710898870402,0.9249710898870402,0.9249710898870402
280,1418241600000,0.5156402374370529,0.5156402374370529,0.5156402374370529,0.5156402374370529
281,1418245200000,0.4134250993246303,0.4134250993246303,0.4134250993246303,0.4134250993246303
282,1418248800000,0.0913674387566673,0.0913674387566673,0.0913674387566673,0.0913674387566673
283,1418252400000,0.245437089603878,0.245437089603878,0.245437089603878,0.245437089603878
284,1418256000000,0.2903267566811768,0.2903267566811768,0.2903267566811768,0.2903267566811768
285,1418259600000,0.0490379826184822,0.0490379826184822,0.0490379826184822,0.0490379826184822
286,1418263200000,0.0770707957913429,0.0770707957913429,0.0770707957913429,0.0770707957913429
287,1418266800000,0.8169172012926059,0.8169172012926059,0.8169172012926059,0.8169172012926059
288,1418270400000,0.5286030729957613,0.5286030729957613,0.5286030729957613,0.5286030729957613
289,1418274000000,0.5145521229746793,0.5145521229746793,0.5145521229746793,0.5145521229746793
290,1418277600000,0.2164766909294893,0.2164766909294893,0.2164766909294893,0.2164766909294893
291,1417384800000,0.581571226717521,0.581571226717521,0.581571226717521,0.581571226717521
292,1417388400000,0.5494559605086264,0.5494559605086264,0.5494559605086264,0.5494559605086264
293,1417392000000,0.958356283697138,0.958356283697138,0.958356283697138,0.958356283697138
294,1417395600000,0.4627152815859319,0.4627152815859319,0.4627152815859319,0.4627152815859319
295,1417399200000,0.7722560447950299,0.7722560447950299,0.7722560447950299,0.7722560447950299
296,1417402800000,0.7202462338033804,0.7202462338033804,0.7202462338033804,0.7202462338033804
297,1417406400000,0.5441962651757171,0.5441962651757171,0.5441962651757171,0.5441962651757171
298,1417410000000,0.4702101749763849,0.4702101749763849,0.4702101749763849,0.4702101749763849
299,1417413600000,0.2227817077158295,0.2227817077158295,0.2227817077158295,0.2227817077158295
300,1417417200000,0.4950549325472803,0.4950549325472803,0.4950549325472803,0.4950549325472803
301,1417420800000,0.0512679694692904,0.0512679694692904,0.0512679694692904,0.0512679694692904
302,1417424400000,0.951931335393954,0.951931335393954,0.951931335393954,0.951931335393954
303,1417428000000,0.3047475910571831,0.3047475910571831,0.3047475910571831,0.3047475910571831
304,1417431600000,0.9372766193802398,0.9372766193802398,0.9372766193802398,0.9372766193802398
305,1417435200000,0.2516479630875082,0.2516479630875082,0.2516479630875082,0.2516479630875082
306,1417438800000,0.825447441298193,0.825447441298193,0.825447441298193,0.825447441298193
307,1417442400000,0.1455036547084461,0.1455036547084461,0.1455036547084461,0.1455036547084461
308,1417446000000,0.649181620309613,0.649181620309613,0.649181620309613,0.649181620309613
309,1417449600000,0.7638877629400871,0.7638877629400871,0.7638877629400871,0.7638877629400871
310,1417453200000,0.5879359358548318,0.5879359358548318,0.5879359358548318,0.5879359358548318
311,1417456800000,0.8480256726936823,0.8480256726936823,0.8480256726936823,0.8480256726936823
312,1417460400000,0.9839748252837256,0.9839748252837256,0.9839748252837256,0.9839748252837256
313,1417464000000,0.1090436246669952,0.1090436246669952,0.1090436246669952,0.1090436246669952
314,1417467600000,0.2849315564584197,0.2849315564584197,0.2849315564584197,0.2849315564584197
315,1417471200000,0.884017453362027,0.884017453362027,0.884017453362027,0.884017453362027
316,1417474800000,0.0625966678254633,0.0625966678254633,0.0625966678254633,0.0625966678254633
317,1417478400000,0.2355045700021946,0.2355045700021946,0.2355045700021946,0.2355045700021946
318,1417482000000,0.425921210392491,0.425921210392491,0.425921210392491,0.425921210392491
319,1417485600000,0.3726010655024302,0.3726010655024302,0.3726010655024302,0.3726010655024302
320,1417489200000,0.3416463544482273,0.3416463544482273,0.3416463544482273,0.3416463544482273
321,1417492800000,0.4171315677841448,0.4171315677841448,0.4171315677841448,0.4171315677841448
322,1417496400000,0.3539056289741331,0.3539056289741331,0.3539056289741331,0.3539056289741331
323,1417500000000,0.1666518622497935,0.1666518622497935,0.1666518622497935,0.1666518622497935
324,1417503600000,0.6875124589189667,0.6875124589189667,0.6875124589189667,0.6875124589189667
325,1417507200000,0.7366192774508322,0.7366192774508322,0.7366192774508322,0.7366192774508322
326,1417510800000,0.9080979586329327,0.9080979586329327,0.9080979586329327,0.9080979586329327
327,1417514400000,0.2200280950967188,0.2200280950967188,0.2200280950967188,0.2200280950967188
328,1417518000000,0.1840565882790711,0.1840565882790711,0.1840565882790711,0.1840565882790711
329,1417521600000,0.4818281523549848,0.4818281523549848,0.4818281523549848,0.4818281523549848
330,1417525200000,0.3339002323205675,0.3339002323205675,0.3339002323205675,0.3339002323205675
331,1417528800000,0.4388201182522599,0.4388201182522599,0.4388201182522599,0.4388201182522599
332,1417532400000,0.8771973862457276,0.8771973862457276,0.8771973862457276,0.8771973862457276
333,1417536000000,0.7897132663174055,0.7897132663174055,0.7897132663174055,0.7897132663174055
334,1417539600000,0.0596140181014639,0.0596140181014639,0.0596140181014639,0.0596140181014639
335,1417543200000,0.3783299488525573,0.3783299488525573,0.3783299488525573,0.3783299488525573
336,1417546800000,0.9133980703517024,0.9133980703517024,0.9133980703517024,0.9133980703517024
337,1417550400000,0.6100702040146839,0.6100702040146839,0.6100702040146839,0.6100702040146839
338,1417554000000,0.3055499291597432,0.3055499291597432,0.3055499291597432,0.3055499291597432
339,1417557600000,0.8200429529206207,0.8200429529206207,0.8200429529206207,0.8200429529206207
340,1417561200000,0.2244765443132723,0.2244765443132723,0.2244765443132723,0.2244765443132723
341,1417564800000,0.3748295450917616,0.3748295450917616,0.3748295450917616,0.3748295450917616
342,1417568400000,0.3574687161223764,0.3574687161223764,0.3574687161223764,0.3574687161223764
343,1417572000000,0.9740159030322426,0.9740159030322426,0.9740159030322426,0.9740159030322426
344,1417575600000,0.1490328902810709,0.1490328902810709,0.1490328902810709,0.1490328902810709
345,1417579200000,0.9145239094782722,0.9145239094782722,0.9145239094782722,0.9145239094782722
346,1417582800000,0.6751919245815755,0.6751919245815755,0.6751919245815755,0.6751919245815755
347,1417586400000,0.2351140843824899,0.2351140843824899,0.2351140843824899,0.2351140843824899
348,1417590000000,0.1800153220418692,0.1800153220418692,0.1800153220418692,0.1800153220418692
349,1417593600000,0.6838209799269019,0.6838209799269019,0.6838209799269019,0.6838209799269019
350,1417597200000,0.3149718724886855,0.3149718724886855,0.3149718724886855,0.3149718724886855
351,1417600800000,0.7471812776072702,0.7471812776072702,0.7471812776072702,0.7471812776072702
352,1417604400000,0.1482606597428446,0.1482606597428446,0.1482606597428446,0.1482606597428446
353,1417608000000,0.0801219333789426,0.0801219333789426,0.0801219333789426,0.0801219333789426
354,1417611600000,0.0612551026735511,0.0612551026735511,0.0612551026735511,0.0612551026735511
355,1417615200000,0.4656216687561924,0.4656216687561924,0.4656216687561924,0.4656216687561924
356,1417618800000,0.1575974872493751,0.1575974872493751,0.1575974872493751,0.1575974872493751
357,1417622400000,0.4487828111281695,0.4487828111281695,0.4487828111281695,0.4487828111281695
358,1417626000000,0.2551067682136989,0.2551067682136989,0.2551067682136989,0.2551067682136989
359,1417629600000,0.3015303407347254,0.3015303407347254,0.3015303407347254,0.3015303407347254
360,1417633200000,0.555418559328114,0.555418559328114,0.555418559328114,0.555418559328114
361,1417636800000,0.784436281332095,0.784436281332095,0.784436281332095,0.784436281332095
362,1417640400000,0.0383969820998676,0.0383969820998676,0.0383969820998676,0.0383969820998676
363,1417644000000,0.1212416078648758,0.1212416078648758,0.1212416078648758,0.1212416078648758
364,1417647600000,0.0256762059271644,0.0256762059271644,0.0256762059271644,0.0256762059271644
365,1417651200000,0.4581481767565586,0.4581481767565586,0.4581481767565586,0.4581481767565586
366,1417654800000,0.406374693379132,0.406374693379132,0.406374693379132,0.406374693379132
367,1417658400000,0.6188817402286045,0.6188817402286045,0.6188817402286045,0.6188817402286045
368,1417662000000,0.4107854243460871,0.4107854243460871,0.4107854243460871,0.4107854243460871
369,1417665600000,0.8400674564383857,0.8400674564383857,0.8400674564383857,0.8400674564383857
370,1417669200000,0.5850758333391921,0.5850758333391921,0.5850758333391921,0.5850758333391921
371,1417672800000,0.288770645264459,0.288770645264459,0.288770645264459,0.288770645264459
372,1417676400000,0.5863181175232026,0.5863181175232026,0.5863181175232026,0.5863181175232026
373,1417680000000,0.0823651485370453,0.0823651485370453,0.0823651485370453,0.0823651485370453
374,1417683600000,0.8247284628927417,0.8247284628927417,0.8247284628927417,0.8247284628927417
375,1417687200000,0.8943955234836078,0.8943955234836078,0.8943955234836078,0.8943955234836078
376,1417690800000,0.3651329825039019,0.3651329825039019,0.3651329825039019,0.3651329825039019
377,1417694400000,0.3422919175429972,0.3422919175429972,0.3422919175429972,0.3422919175429972
378,1417698000000,0.155506061418856,0.155506061418856,0.155506061418856,0.155506061418856
379,1417701600000,0.0674754885795789,0.0674754885795789,0.0674754885795789,0.0674754885795789
380,1417705200000,0.6258596244093706,0.6258596244093706,0.6258596244093706,0.6258596244093706
381,1417708800000,0.8492251865083791,0.8492251865083791,0.8492251865083791,0.8492251865083791
382,1417712400000,0.8882601016116584,0.8882601016116584,0.8882601016116584,0.8882601016116584
383,1417716000000,0.7687765981183662,0.7687765981183662,0.7687765981183662,0.7687765981183662
384,1417892400000,0.4182183736324425,0.4182183736324425,0.4182183736324425,0.4182183736324425
385,1417896000000,0.2019373370285136,0.2019373370285136,0.2019373370285136,0.2019373370285136
386,1417899600000,0.6019428715594681,0.6019428715594681,0.6019428715594681,0.6019428715594681
387,1417903200000,0.7876938564351684,0.7876938564351684,0.7876938564351684,0.7876938564351684
388,1417906800000,0.4477320671636982,0.4477320671636982,0.4477320671636982,0.4477320671636982
389,1417910400000,0.374776278891184,0.374776278891184,0.374776278891184,0.374776278891184
390,1417914000000,0.0035548972532352,0.0035548972532352,0.0035548972532352,0.0035548972532352
391,1417917600000,0.3832654999208842,0.3832654999208842,0.3832654999208842,0.3832654999208842
392,1417921200000,0.4066648842022797,0.4066648842022797,0.4066648842022797,0.4066648842022797
393,1417924800000,0.4727900510461048,0.4727900510461048,0.4727900510461048,0.4727900510461048
394,1417928400000,0.8474252416637373,0.8474252416637373,0.8474252416637373,0.8474252416637373
395,1417932000000,0.2886158179739222,0.2886158179739222,0.2886158179739222,0.2886158179739222
396,1417935600000,0.9602256711937752,0.9602256711937752,0.9602256711937752,0.9602256711937752
397,1417939200000,0.5107316678678818,0.5107316678678818,0.5107316678678818,0.5107316678678818
398,1417942800000,0.3524631575404628,0.3524631575404628,0.3524631575404628,0.3524631575404628
399,1417946400000,0.1421548214858526,0.1421548214858526,0.1421548214858526,0.1421548214858526
400,1417950000000,0.7682144933542453,0.7682144933542453,0.7682144933542453,0.7682144933542453
401,1417953600000,0.7772204368360478,0.7772204368360478,0.7772204368360478,0.7772204368360478
402,1417957200000,0.0164115091009898,0.0164115091009898,0.0164115091009898,0.0164115091009898
403,1417960800000,0.6708386776315961,0.6708386776315961,0.6708386776315961,0.6708386776315961
404,1417964400000,0.1727986619076664,0.1727986619076664,0.1727986619076664,0.1727986619076664
405,1417968000000,0.0876052356930139,0.0876052356930139,0.0876052356930139,0.0876052356930139
406,1417971600000,0.172962576700709,0.172962576700709,0.172962576700709,0.172962576700709
407,1417975200000,0.0196801383284067,0.0196801383284067,0.0196801383284067,0.0196801383284067
408,1417978800000,0.7489086933419721,0.7489086933419721,0.7489086933419721,0.7489086933419721
409,1417982400000,0.5689840967350983,0.5689840967350983,0.5689840967350983,0.5689840967350983
410,1417986000000,0.3924402070183359,0.3924402070183359,0.3924402070183359,0.3924402070183359
411,1417989600000,0.2139702749707784,0.2139702749707784,0.2139702749707784,0.2139702749707784
412,1417993200000,0.3142771877933454,0.3142771877933454,0.3142771877933454,0.3142771877933454
413,1417996800000,0.1488779804228027,0.1488779804228027,0.1488779804228027,0.1488779804228027
414,1418000400000,0.8789698786165807,0.8789698786165807,0.8789698786165807,0.8789698786165807
415,1418004000000,0.7614962645994855,0.7614962645994855,0.7614962645994855,0.7614962645994855
416,1418007600000,0.1950119917261449,0.1950119917261449,0.1950119917261449,0.1950119917261449
417,1418011200000,0.3497700448755217,0.3497700448755217,0.3497700448755217,0.3497700448755217
418,1418014800000,0.9007102438923539,0.9007102438923539,0.9007102438923539,0.9007102438923539
419,1418018400000,0.1318806677484233,0.1318806677484233,0.1318806677484233,0.1318806677484233
420,1418022000000,0.5001193887505478,0.5001193887505478,0.5001193887505478,0.5001193887505478
421,1418025600000,0.0874398525719045,0.0874398525719045,0.0874398525719045,0.0874398525719045
422,1418029200000,0.4019719047831296,0.4019719047831296,0.4019719047831296,0.4019719047831296
423,1418032800000,0.9544072970621054,0.9544072970621054,0.9544072970621054,0.9544072970621054
424,1418036400000,0.2466829207463803,0.2466829207463803,0.2466829207463803,0.2466829207463803
425,1418040000000,0.1402751076268596,0.1402751076268596,0.1402751076268596,0.1402751076268596
426,1418043600000,0.2489060453239306,0.2489060453239306,0.2489060453239306,0.2489060453239306
427,1418047200000,0.145299007560702,0.145299007560702,0.145299007560702,0.145299007560702
428,1418050800000,0.8786145603815914,0.8786145603815914,0.8786145603815914,0.8786145603815914
429,1418054400000,0.1521260859279309,0.1521260859279309,0.1521260859279309,0.1521260859279309
430,1418058000000,0.1196085952893425,0.1196085952893425,0.1196085952893425,0.1196085952893425
431,1418061600000,0.198728100025822,0.198728100025822,0.198728100025822,0.198728100025822
432,1418065200000,0.8206926404690057,0.8206926404690057,0.8206926404690057,0.8206926404690057
433,1418068800000,0.5750350881792574,0.5750350881792574,0.5750350881792574,0.5750350881792574
434,1418072400000,0.8586234361014832,0.8586234361014832,0.8586234361014832,0.8586234361014832
435,1418076000000,0.5249464303196698,0.5249464303196698,0.5249464303196698,0.5249464303196698
436,1418079600000,0.0694080377082768,0.0694080377082768,0.0694080377082768,0.0694080377082768
437,1418083200000,0.0481023614765939,0.0481023614765939,0.0481023614765939,0.0481023614765939
438,1418086800000,0.1215239535926439,0.1215239535926439,0.1215239535926439,0.1215239535926439
439,1418090400000,0.2563842548941381,0.2563842548941381,0.2563842548941381,0.2563842548941381
440,1418094000000,0.1346183689848336,0.1346183689848336,0.1346183689848336,0.1346183689848336
441,1418097600000,0.2750383961566841,0.2750383961566841,0.2750383961566841,0.2750383961566841
442,1418101200000,0.896243769995404,0.896243769995404,0.896243769995404,0.896243769995404
443,1418104800000,0.0947963133962656,0.0947963133962656,0.0947963133962656,0.0947963133962656
444,1418108400000,0.707397005790438,0.707397005790438,0.707397005790438,0.707397005790438
445,1418112000000,0.1586795467116306,0.1586795467116306,0.1586795467116306,0.1586795467116306
446,1418115600000,0.4812552004565757,0.4812552004565757,0.4812552004565757,0.4812552004565757
447,1418119200000,0.5993475869467497,0.5993475869467497,0.5993475869467497,0.5993475869467497
448,1418122800000,0.3142238926644169,0.3142238926644169,0.3142238926644169,0.3142238926644169
449,1418126400000,0.0879134548628706,0.0879134548628706,0.0879134548628706,0.0879134548628706
450,1418130000000,0.0407313256550923,0.0407313256550923,0.0407313256550923,0.0407313256550923
451,1418133600000,0.6735326350472133,0.6735326350472133,0.6735326350472133,0.6735326350472133
452,1418137200000,0.500956638286098,0.500956638286098,0.500956638286098,0.500956638286098
453,1418140800000,0.2493454395784891,0.2493454395784891,0.2493454395784891,0.2493454395784891
454,1418144400000,0.0245368462143787,0.0245368462143787,0.0245368462143787,0.0245368462143787
455,1418148000000,0.8348875782535284,0.8348875782535284,0.8348875782535284,0.8348875782535284
456,1418151600000,0.0878777056752209,0.0878777056752209,0.0878777056752209,0.0878777056752209
457,1418155200000,0.085067366936628,0.085067366936628,0.085067366936628,0.085067366936628
458,1418158800000,0.7388195163321151,0.7388195163321151,0.7388195163321151,0.7388195163321151
459,1418162400000,0.9037312726664788,0.9037312726664788,0.9037312726664788,0.9037312726664788
460,1418166000000,0.0829671524297459,0.0829671524297459,0.0829671524297459,0.0829671524297459
461,1418169600000,0.3850048368127183,0.3850048368127183,0.3850048368127183,0.3850048368127183
462,1418173200000,0.0304207586017295,0.0304207586017295,0.0304207586017295,0.0304207586017295
463,1418176800000,0.6550607516602432,0.6550607516602432,0.6550607516602432,0.6550607516602432
464,1418180400000,0.8470661919575132,0.8470661919575132,0.8470661919575132,0.8470661919575132
465,1418184000000,0.6563985273810055,0.6563985273810055,0.6563985273810055,0.6563985273810055
466,1418187600000,0.1404499878586605,0.1404499878586605,0.1404499878586605,0.1404499878586605
467,1418191200000,0.4304406592000218,0.4304406592000218,0.4304406592000218,0.4304406592000218
468,1418194800000,0.063211881968389,0.063211881968389,0.063211881968389,0.063211881968389
469,1418198400000,0.2544276296191595,0.2544276296191595,0.2544276296191595,0.2544276296191595
470,1418202000000,0.1641680173572368,0.1641680173572368,0.1641680173572368,0.1641680173572368
471,1418205600000,0.0520333699003547,0.0520333699003547,0.0520333699003547,0.0520333699003547
472,1418209200000,0.266946228781187,0.266946228781187,0.266946228781187,0.266946228781187
473,1418212800000,0.2941982861299023,0.2941982861299023,0.2941982861299023,0.2941982861299023
474,1418216400000,0.0375074021973241,0.0375074021973241,0.0375074021973241,0.0375074021973241
475,1418220000000,0.5266969266969456,0.5266969266969456,0.5266969266969456,0.5266969266969456
476,1418223600000,0.8311887725052867,0.8311887725052867,0.8311887725052867,0.8311887725052867
477,1418227200000,0.0442194375359673,0.0442194375359673,0.0442194375359673,0.0442194375359673
478,1418230800000,0.9070347545765852,0.9070347545765852,0.9070347545765852,0.9070347545765852
479,1418234400000,0.45098985458157,0.45098985458157,0.45098985458157,0.45098985458157
480,1418238000000,0.9276649041400968,0.9276649041400968,0.9276649041400968,0.9276649041400968
481,1418241600000,0.3553844749356137,0.3553844749356137,0.3553844749356137,0.3553844749356137
482,1418245200000,0.7053876115442579,0.7053876115442579,0.7053876115442579,0.7053876115442579
483,1418248800000,0.9270547785114076,0.9270547785114076,0.9270547785114076,0.9270547785114076
484,1418252400000,0.2177734942525694,0.2177734942525694,0.2177734942525694,0.2177734942525694
485,1418256000000,0.0417475214661832,0.0417475214661832,0.0417475214661832,0.0417475214661832
486,1418259600000,0.473046760754882,0.473046760754882,0.473046760754882,0.473046760754882
487,1418263200000,0.3154208425455581,0.3154208425455581,0.3154208425455581,0.3154208425455581
488,1418266800000,0.2656145544506341,0.2656145544506341,0.2656145544506341,0.2656145544506341
489,1418270400000,0.4272777040508019,0.4272777040508019,0.4272777040508019,0.4272777040508019
490,1418274000000,0.2873751072147043,0.2873751072147043,0.2873751072147043,0.2873751072147043
491,1418277600000,0.4586127450541871,0.4586127450541871,0.4586127450541871,0.4586127450541871
492,1417384800000,0.7879621434543197,0.7879621434543197,0.7879621434543197,0.7879621434543197
493,1417388400000,0.2948614757834995,0.2948614757834995,0.2948614757834995,0.2948614757834995
494,1417392000000,0.614057017839837,0.614057017839837,0.614057017839837,0.614057017839837
495,1417395600000,0.9226628138238736,0.9226628138238736,0.9226628138238736,0.9226628138238736
496,1417399200000,0.2651932309332344,0.2651932309332344,0.2651932309332344,0.2651932309332344
497,1417402800000,0.5276923612074711,0.5276923612074711,0.5276923612074711,0.5276923612074711
498,1417406400000,0.5303224172445246,0.5303224172445246,0.5303224172445246,0.5303224172445246
499,1417410000000,0.634585757596533,0.634585757596533,0.634585757596533,0.634585757596533
500,1417413600000,0.8501781179633338,0.8501781179633338,0.8501781179633338,0.8501781179633338
501,1417417200000,0.4548303776438156,0.4548303776438156,0.4548303776438156,0.4548303776438156
502,1417420800000,0.743053376161064,0.743053376161064,0.743053376161064,0.743053376161064
503,1417424400000,0.6222855094331234,0.6222855094331234,0.6222855094331234,0.6222855094331234
504,1417428000000,0.770059117117087,0.770059117117087,0.770059117117087,0.770059117117087
505,1417431600000,0.7392596106629338,0.7392596106629338,0.7392596106629338,0.7392596106629338
506,1417435200000,0.381153135995985,0.381153135995985,0.381153135995985,0.381153135995985
507,1417438800000,0.6688045815097763,0.6688045815097763,0.6688045815097763,0.6688045815097763
508,1417442400000,0.3668124611501814,0.3668124611501814,0.3668124611501814,0.3668124611501814
509,1417446000000,0.2889363039807299,0.2889363039807299,0.2889363039807299,0.2889363039807299
510,1417449600000,0.303250748910435,0.303250748910435,0.303250748910435,0.303250748910435
511,1417453200000,0.1514000651778391,0.1514000651778391,0.1514000651778391,0.1514000651778391
512,1417456800000,0.1858456274070224,0.1858456274070224,0.1858456274070224,0.1858456274070224
513,1417460400000,0.7675648563114258,0.7675648563114258,0.7675648563114258,0.7675648563114258
514,1417464000000,0.398188196374557,0.398188196374557,0.398188196374557,0.398188196374557
515,1417467600000,0.7365012042188467,0.7365012042188467,0.7365012042188467,0.7365012042188467
516,1417471200000,0.1934992343849474,0.1934992343849474,0.1934992343849474,0.1934992343849474
517,1417474800000,0.6626875618006012,0.6626875618006012,0.6626875618006012,0.6626875618006012
518,1417478400000,0.193261436675407,0.193261436675407,0.193261436675407,0.193261436675407
519,1417482000000,0.2119244017364322,0.2119244017364322,0.2119244017364322,0.2119244017364322
520,1417485600000,0.9857714999159376,0.9857714999159376,0.9857714999159376,0.9857714999159376
521,1417489200000,0.4810798422498631,0.4810798422498631,0.4810798422498631,0.4810798422498631
522,1417492800000,0.5690727164497793,0.5690727164497793,0.5690727164497793,0.5690727164497793
523,1417496400000,0.577182636021577,0.577182636021577,0.577182636021577,0.577182636021577
524,1417500000000,0.8380443115927971,0.8380443115927971,0.8380443115927971,0.8380443115927971
525,1417503600000,0.8522595186308779,0.8522595186308779,0.8522595186308779,0.8522595186308779
526,1417507200000,0.8993186675521759,0.8993186675521759,0.8993186675521759,0.8993186675521759
527,1417510800000,0.2960264299634318,0.2960264299634318,0.2960264299634318,0.2960264299634318
528,1417514400000,0.968761130326994,0.968761130326994,0.968761130326994,0.968761130326994
529,1417518000000,0.885235064653859,0.885235064653859,0.885235064653859,0.885235064653859
530,1417521600000,0.2844209377543367,0.2844209377543367,0.2844209377543367,0.2844209377543367
531,1417525200000,0.1975438703765769,0.1975438703765769,0.1975438703765769,0.1975438703765769
532,1417528800000,0.9119171504827708,0.9119171504827708,0.9119171504827708,0.9119171504827708
533,1417532400000,0.4984001232752088,0.4984001232752088,0.4984001232752088,0.4984001232752088
534,1417536000000,0.4907630589804306,0.4907630589804306,0.4907630589804306,0.4907630589804306
535,1417539600000,0.1423601384822145,0.1423601384822145,0.1423601384822145,0.1423601384822145
536,1417543200000,0.1308750214098184,0.1308750214098184,0.1308750214098184,0.1308750214098184
537,1417546800000,0.0011179782221244,0.0011179782221244,0.0011179782221244,0.0011179782221244
538,1417550400000,0.6090627826605735,0.6090627826605735,0.6090627826605735,0.6090627826605735
539,1417554000000,0.8497261059943384,0.8497261059943384,0.8497261059943384,0.8497261059943384
540,1417557600000,0.221709867421232,0.221709867421232,0.221709867421232,0.221709867421232
541,1417561200000,0.5734257648464892,0.5734257648464892,0.5734257648464892,0.5734257648464892
542,1417564800000,0.2908708970616463,0.2908708970616463,0.2908708970616463,0.2908708970616463
543,1417568400000,0.5115206457801641,0.5115206457801641,0.5115206457801641,0.5115206457801641
544,1417572000000,0.3697233331876074,0.3697233331876074,0.3697233331876074,0.3697233331876074
545,1417575600000,0.6884413969005873,0.6884413969005873,0.6884413969005873,0.6884413969005873
546,1417579200000,0.587818161427369,0.587818161427369,0.587818161427369,0.587818161427369
547,1417582800000,0.9166917314548196,0.9166917314548196,0.9166917314548196,0.9166917314548196
548,1417586400000,0.6211213341516042,0.6211213341516042,0.6211213341516042,0.6211213341516042
549,1417590000000,0.8235742584407079,0.8235742584407079,0.8235742584407079,0.8235742584407079
550,1417593600000,0.3741313561542863,0.3741313561542863,0.3741313561542863,0.3741313561542863
551,1417597200000,0.105428021675885,0.105428021675885,0.105428021675885,0.105428021675885
552,1417600800000,0.143098437468421,0.143098437468421,0.143098437468421,0.143098437468421
553,1417604400000,0.0356611630945588,0.0356611630945588,0.0356611630945588,0.0356611630945588
554,1417608000000,0.9926923966207484,0.9926923966207484,0.9926923966207484,0.9926923966207484
555,1417611600000,0.8746454183843188,0.8746454183843188,0.8746454183843188,0.8746454183843188
556,1417615200000,0.8118212747444183,0.8118212747444183,0.8118212747444183,0.8118212747444183
557,1417618800000,0.4222460862155199,0.4222460862155199,0.4222460862155199,0.4222460862155199
558,1417622400000,0.5405688313109466,0.5405688313109466,0.5405688313109466,0.5405688313109466
559,1417626000000,0.4900273749876277,0.4900273749876277,0.4900273749876277,0.4900273749876277
560,1417629600000,0.8986464709731213,0.8986464709731213,0.8986464709731213,0.8986464709731213
561,1417633200000,0.7816349846844893,0.7816349846844893,0.7816349846844893,0.7816349846844893
562,1417636800000,0.0495758200339458,0.0495758200339458,0.0495758200339458,0.0495758200339458
563,1417640400000,0.7983761061513591,0.7983761061513591,0.7983761061513591,0.7983761061513591
564,1417644000000,0.2159579440643301,0.2159579440643301,0.2159579440643301,0.2159579440643301
565,1417647600000,0.3626162571935695,0.3626162571935695,0.3626162571935695,0.3626162571935695
566,1417651200000,0.8442530865152761,0.8442530865152761,0.8442530865152761,0.8442530865152761
567,1417654800000,0.1360800084267194,0.1360800084267194,0.1360800084267194,0.1360800084267194
568,1417658400000,0.7245621547320654,0.7245621547320654,0.7245621547320654,0.7245621547320654
569,1417662000000,0.4717263170944104,0.4717263170944104,0.4717263170944104,0.4717263170944104
570,1417665600000,0.7316810554148595,0.7316810554148595,0.7316810554148595,0.7316810554148595
571,1417669200000,0.0846874822049509,0.0846874822049509,0.0846874822049509,0.0846874822049509
572,1417672800000,0.1664845186241081,0.1664845186241081,0.1664845186241081,0.1664845186241081
573,1417676400000,0.2805345035841211,0.2805345035841211,0.2805345035841211,0.2805345035841211
574,1417680000000,0.2056863803057367,0.2056863803057367,0.2056863803057367,0.2056863803057367
575,1417683600000,0.2934998153368752,0.2934998153368752,0.2934998153368752,0.2934998153368752
576,1417687200000,0.987641610424966,0.987641610424966,0.987641610424966,0.987641610424966
577,1417690800000,0.8204578526291914,0.8204578526291914,0.8204578526291914,0.8204578526291914
578,1417694400000,0.0800197805395357,0.0800197805395357,0.0800197805395357,0.0800197805395357
579,1417698000000,0.3255476283268367,0.3255476283268367,0.3255476283268367,0.3255476283268367
580,1417701600000,0.1814862696071932,0.1814862696071932,0.1814862696071932,0.1814862696071932
581,1417705200000,0.1961071766753627,0.1961071766753627,0.1961071766753627,0.1961071766753627
582,1417708800000,0.5961821278777184,0.5961821278777184,0.5961821278777184,0.5961821278777184
583,1417712400000,0.8869221776107229,0.8869221776107229,0.8869221776107229,0.8869221776107229
584,1417716000000,0.3686813604619359,0.3686813604619359,0.3686813604619359,0.3686813604619359
585,1417892400000,0.3618918631368517,0.3618918631368517,0.3618918631368517,0.3618918631368517
586,1417896000000,0.1297753705111605,0.1297753705111605,0.1297753705111605,0.1297753705111605
587,1417899600000,0.18891840893743,0.18891840893743,0.18891840893743,0.18891840893743
588,1417903200000,0.039023057639063,0.039023057639063,0.039023057639063,0.039023057639063
589,1417906800000,0.195577253024008,0.195577253024008,0.195577253024008,0.195577253024008
590,1417910400000,0.996548159954417,0.996548159954417,0.996548159954417,0.996548159954417
591,1417914000000,0.5242869841748431,0.5242869841748431,0.5242869841748431,0.5242869841748431
592,1417917600000,0.2517096033918938,0.2517096033918938,0.2517096033918938,0.2517096033918938
593,1417921200000,0.3263980985826361,0.3263980985826361,0.3263980985826361,0.3263980985826361
594,1417924800000,0.396971971911386,0.396971971911386,0.396971971911386,0.396971971911386
595,1417928400000,0.9638525178900222,0.9638525178900222,0.9638525178900222,0.9638525178900222
596,1417932000000,0.1679145992690062,0.1679145992690062,0.1679145992690062,0.1679145992690062
597,1417935600000,0.691517428876623,0.691517428876623,0.691517428876623,0.691517428876623
598,1417939200000,0.737390075132072,0.737390075132072,0.737390075132072,0.737390075132072
599,1417942800000,0.1035025297394367,0.1035025297394367,0.1035025297394367,0.1035025297394367
600,1417946400000,0.6328443870701915,0.6328443870701915,0.6328443870701915,0.6328443870701915
601,1417950000000,0.8410402074922958,0.8410402074922958,0.8410402074922958,0.8410402074922958
602,1417953600000,0.8806791786231912,0.8806791786231912,0.8806791786231912,0.8806791786231912
603,1417957200000,0.6783850566649658,0.6783850566649658,0.6783850566649658,0.6783850566649658
604,1417960800000,0.2889504104964915,0.2889504104964915,0.2889504104964915,0.2889504104964915
605,1417964400000,0.7094435126723785,0.7094435126723785,0.7094435126723785,0.7094435126723785
606,1417968000000,0.3434068876539375,0.3434068876539375,0.3434068876539375,0.3434068876539375
607,1417971600000,0.3848788400483892,0.3848788400483892,0.3848788400483892,0.3848788400483892
608,1417975200000,0.6157646048508938,0.6157646048508938,0.6157646048508938,0.6157646048508938
609,1417978800000,0.9032768872933844,0.9032768872933844,0.9032768872933844,0.9032768872933844
610,1417982400000,0.6333034020426385,0.6333034020426385,0.6333034020426385,0.6333034020426385
611,1417986000000,0.1689718559174718,0.1689718559174718,0.1689718559174718,0.1689718559174718
612,1417989600000,0.3680494944096423,0.3680494944096423,0.3680494944096423,0.3680494944096423
613,1417993200000,0.2986567256626835,0.2986567256626835,0.2986567256626835,0.2986567256626835
614,1417996800000,0.3730168752433328,0.3730168752433328,0.3730168752433328,0.3730168752433328
615,1418000400000,0.8038341642506195,0.8038341642506195,0.8038341642506195,0.8038341642506195
616,1418004000000,0.640550070090276,0.640550070090276,0.640550070090276,0.640550070090276
617,1418007600000,0.9507664336521277,0.9507664336521277,0.9507664336521277,0.9507664336521277
618,1418011200000,0.0766376533629692,0.0766376533629692,0.0766376533629692,0.0766376533629692
619,1418014800000,0.3415872665209938,0.3415872665209938,0.3415872665209938,0.3415872665209938
620,1418018400000,0.3440643833308063,0.3440643833308063,0.3440643833308063,0.3440643833308063
621,1418022000000,0.7651420828229117,0.7651420828229117,0.7651420828229117,0.7651420828229117
622,1418025600000,0.9402865587934178,0.9402865587934178,0.9402865587934178,0.9402865587934178
623,1418029200000,0.9878404840133276,0.9878404840133276,0.9878404840133276,0.9878404840133276
624,1418032800000,0.5513373612121996,0.5513373612121996,0.5513373612121996,0.5513373612121996
625,1418036400000,0.3841577059111939,0.3841577059111939,0.3841577059111939,0.3841577059111939
626,1418040000000,0.936514490375984,0.936514490375984,0.936514490375984,0.936514490375984
627,1418043600000,0.5234591120927318,0.5234591120927318,0.5234591120927318,0.5234591120927318
628,1418047200000,0.5335363247407494,0.5335363247407494,0.5335363247407494,0.5335363247407494
629,1418050800000,0.4723982169235762,0.4723982169235762,0.4723982169235762,0.4723982169235762
630,1418054400000,0.2857950305524193,0.2857950305524193,0.2857950305524193,0.2857950305524193
631,1418058000000,0.9207796479696668,0.9207796479696668,0.9207796479696668,0.9207796479696668
632,1418061600000,0.499218998652181,0.499218998652181,0.499218998652181,0.499218998652181
633,1418065200000,0.0844219745634706,0.0844219745634706,0.0844219745634706,0.0844219745634706
634,1418068800000,0.0626944488740161,0.0626944488740161,0.0626944488740161,0.0626944488740161
635,1418072400000,0.8810538459443477,0.8810538459443477,0.8810538459443477,0.8810538459443477
636,1418076000000,0.5629332397791118,0.5629332397791118,0.5629332397791118,0.5629332397791118
637,1418079600000,0.535040912888696,0.535040912888696,0.535040912888696,0.535040912888696
638,1418083200000,0.2897520745784283,0.2897520745784283,0.2897520745784283,0.2897520745784283
639,1418086800000,0.0010156928348884,0.0010156928348884,0.0010156928348884,0.0010156928348884
640,1418090400000,0.8150989906466937,0.8150989906466937,0.8150989906466937,0.8150989906466937
641,1418094000000,0.6288069227848769,0.6288069227848769,0.6288069227848769,0.6288069227848769
642,1418097600000,0.059068451074386,0.059068451074386,0.059068451074386,0.059068451074386
643,1418101200000,0.0126642421044111,0.0126642421044111,0.0126642421044111,0.0126642421044111
644,1418104800000,0.1910503769476413,0.1910503769476413,0.1910503769476413,0.1910503769476413
645,1418108400000,0.3752801791859808,0.3752801791859808,0.3752801791859808,0.3752801791859808
646,1418112000000,0.2382830382745897,0.2382830382745897,0.2382830382745897,0.2382830382745897
647,1418115600000,0.8695441609298016,0.8695441609298016,0.8695441609298016,0.8695441609298016
648,1418119200000,0.0580555048423395,0.0580555048423395,0.0580555048423395,0.0580555048423395
649,1418122800000,0.7787028452256198,0.7787028452256198,0.7787028452256198,0.7787028452256198
650,1418126400000,0.5881041330392488,0.5881041330392488,0.5881041330392488,0.5881041330392488
651,1418130000000,0.0044035362243791,0.0044035362243791,0.0044035362243791,0.0044035362243791
652,1418133600000,0.2852778288126419,0.2852778288126419,0.2852778288126419,0.2852778288126419
653,1418137200000,0.7559164219865204,0.7559164219865204,0.7559164219865204,0.7559164219865204
654,1418140800000,0.3529561896423266,0.3529561896423266,0.3529561896423266,0.3529561896423266
655,1418144400000,0.5498141419010751,0.5498141419010751,0.5498141419010751,0.5498141419010751
656,1418148000000,0.8035299759248677,0.8035299759248677,0.8035299759248677,0.8035299759248677
657,1418151600000,0.7870291450160432,0.7870291450160432,0.7870291450160432,0.7870291450160432
658,1418155200000,0.4641369817278143,0.4641369817278143,0.4641369817278143,0.4641369817278143
659,1418158800000,0.1975032347153462,0.1975032347153462,0.1975032347153462,0.1975032347153462
660,1418162400000,0.3074642486866114,0.3074642486866114,0.3074642486866114,0.3074642486866114
661,1418166000000,0.3765084207838423,0.3765084207838423,0.3765084207838423,0.3765084207838423
662,1418169600000,0.7937927547224433,0.7937927547224433,0.7937927547224433,0.7937927547224433
663,1418173200000,0.5845474802189089,0.5845474802189089,0.5845474802189089,0.5845474802189089
664,1418176800000,0.8017874825590361,0.8017874825590361,0.8017874825590361,0.8017874825590361
665,1418180400000,0.9229804539016286,0.9229804539016286,0.9229804539016286,0.9229804539016286
666,1418184000000,0.6506263258381082,0.6506263258381082,0.6506263258381082,0.6506263258381082
667,1418187600000,0.5006584025406356,0.5006584025406356,0.5006584025406356,0.5006584025406356
668,1418191200000,0.9447653702005098,0.9447653702005098,0.9447653702005098,0.9447653702005098
669,1418194800000,0.98211103176706,0.98211103176706,0.98211103176706,0.98211103176706
670,1418198400000,0.8350446044611254,0.8350446044611254,0.8350446044611254,0.8350446044611254
671,1418202000000,0.028968480917404,0.028968480917404,0.028968480917404,0.028968480917404
672,1418205600000,0.7507108017922278,0.7507108017922278,0.7507108017922278,0.7507108017922278
673,1418209200000,0.4417339922257891,0.4417339922257891,0.4417339922257891,0.4417339922257891
674,1418212800000,0.2067076068049601,0.2067076068049601,0.2067076068049601,0.2067076068049601
675,1418216400000,0.8153081212065688,0.8153081212065688,0.8153081212065688,0.8153081212065688
676,1418220000000,0.7528879892466424,0.7528879892466424,0.7528879892466424,0.7528879892466424
677,1418223600000,0.949034637109565,0.949034637109565,0.949034637109565,0.949034637109565
678,1418227200000,0.1254034830175744,0.1254034830175744,0.1254034830175744,0.1254034830175744
679,1418230800000,0.1941284866002139,0.1941284866002139,0.1941284866002139,0.1941284866002139
680,1418234400000,0.1622139202890392,0.1622139202890392,0.1622139202890392,0.1622139202890392
681,1418238000000,0.2302352075365897,0.2302352075365897,0.2302352075365897,0.2302352075365897
682,1418241600000,0.0582034496635476,0.0582034496635476,0.0582034496635476,0.0582034496635476
683,1418245200000,0.1715269472754488,0.1715269472754488,0.1715269472754488,0.1715269472754488
684,1418248800000,0.3190527712642866,0.3190527712642866,0.3190527712642866,0.3190527712642866
685,1418252400000,0.9818992354795018,0.9818992354795018,0.9818992354795018,0.9818992354795018
686,1418256000000,0.7289791604148612,0.7289791604148612,0.7289791604148612,0.7289791604148612
687,1418259600000,0.6198154161512566,0.6198154161512566,0.6198154161512566,0.6198154161512566
688,1418263200000,0.4169651619021991,0.4169651619021991,0.4169651619021991,0.4169651619021991
689,1418266800000,0.6719027752822155,0.6719027752822155,0.6719027752822155,0.6719027752822155
690,1418270400000,0.9446247285396018,0.9446247285396018,0.9446247285396018,0.9446247285396018
691,1418274000000,0.7124023037882717,0.7124023037882717,0.7124023037882717,0.7124023037882717
692,1418277600000,0.1163426690983941,0.1163426690983941,0.1163426690983941,0.1163426690983941
